Club_ID,Club_Name,Current_League,Current_Country,Transfermarkt_Link
75137,1. Maj Ruma,TBD,,https://www.transfermarkt.com/club/startseite/verein/75137
133846,A. Bals,TBD,,https://www.transfermarkt.com/club/startseite/verein/133846
56319,A.C. Garda,TBD,,https://www.transfermarkt.com/club/startseite/verein/56319
7209,ABC FC,TBD,,https://www.transfermarkt.com/club/startseite/verein/7209
7008,AC Oulu,TBD,,https://www.transfermarkt.com/club/startseite/verein/7008
102586,ACB Ineu,TBD,,https://www.transfermarkt.com/club/startseite/verein/102586
1104,ACR Messina,TBD,Italy,https://www.transfermarkt.com/club/startseite/verein/1104
86447,ACS Carani,TBD,,https://www.transfermarkt.com/club/startseite/verein/86447
111946,ACS FC Dinamo Bucuresti,TBD,,https://www.transfermarkt.com/club/startseite/verein/111946
117907,ACS Fotbal Comuna Recea (- 2021),TBD,,https://www.transfermarkt.com/club/startseite/verein/117907
56385,ACS Kinder,TBD,,https://www.transfermarkt.com/club/startseite/verein/56385
36590,ACS Poli,TBD,,https://www.transfermarkt.com/club/startseite/verein/36590
86756,ACS Prosport,TBD,,https://www.transfermarkt.com/club/startseite/verein/86756
72292,ACS Socodor,TBD,,https://www.transfermarkt.com/club/startseite/verein/72292
100744,ACS Tg. Mures,TBD,,https://www.transfermarkt.com/club/startseite/verein/100744
56727,ACS Urban Titu,TBD,,https://www.transfermarkt.com/club/startseite/verein/56727
106608,ACSM Codlea,TBD,,https://www.transfermarkt.com/club/startseite/verein/106608
56358,ACSO Filiasi,TBD,,https://www.transfermarkt.com/club/startseite/verein/56358
30120,AE Kifisias,TBD,Greece,https://www.transfermarkt.com/club/startseite/verein/30120
26618,AER Afantou,TBD,,https://www.transfermarkt.com/club/startseite/verein/26618
56362,AFC Harman,TBD,,https://www.transfermarkt.com/club/startseite/verein/56362
5615,AJ Fano,TBD,,https://www.transfermarkt.com/club/startseite/verein/5615
33438,AO Episkopi,TBD,,https://www.transfermarkt.com/club/startseite/verein/33438
128,AO Xanthi,Super League 1,,https://www.transfermarkt.com/club/startseite/verein/128
102286,ARO Câmpulung,TBD,,https://www.transfermarkt.com/club/startseite/verein/102286
10867,AS Béziers,Championnat National,,https://www.transfermarkt.com/club/startseite/verein/10867
1210,AS Livorno,TBD,Italy,https://www.transfermarkt.com/club/startseite/verein/1210
68322,AS Metropolitan,TBD,,https://www.transfermarkt.com/club/startseite/verein/68322
10003,AS Poissy,National 2 - Grp. A,,https://www.transfermarkt.com/club/startseite/verein/10003
122262,AS Recaș,TBD,,https://www.transfermarkt.com/club/startseite/verein/122262
5573,AS Rodos,TBD,,https://www.transfermarkt.com/club/startseite/verein/5573
133761,ASA Tineret,TBD,,https://www.transfermarkt.com/club/startseite/verein/133761
37470,ASD Lumignacco,TBD,,https://www.transfermarkt.com/club/startseite/verein/37470
59144,ASM Rusii-Munti,TBD,,https://www.transfermarkt.com/club/startseite/verein/59144
128570,AXI Arena,TBD,,https://www.transfermarkt.com/club/startseite/verein/128570
111956,Abatorul S.,TBD,,https://www.transfermarkt.com/club/startseite/verein/111956
117978,Academica Clinceni,TBD,,https://www.transfermarkt.com/club/startseite/verein/117978
122336,Academie GFI,TBD,,https://www.transfermarkt.com/club/startseite/verein/122336
104562,Adun. Copăceni,TBD,,https://www.transfermarkt.com/club/startseite/verein/104562
91386,African Talent,TBD,,https://www.transfermarkt.com/club/startseite/verein/91386
60793,Agricola B.,TBD,,https://www.transfermarkt.com/club/startseite/verein/60793
31010,Akritas Chlor.,TBD,Cyprus,https://www.transfermarkt.com/club/startseite/verein/31010
10157,Aktobe,TBD,,https://www.transfermarkt.com/club/startseite/verein/10157
15481,Al-Arabi,TBD,,https://www.transfermarkt.com/club/startseite/verein/15481
26260,Al-Arabi,TBD,,https://www.transfermarkt.com/club/startseite/verein/26260
13592,Al-Faisaly,TBD,Jordan,https://www.transfermarkt.com/club/startseite/verein/13592
26629,Al-Markhiya SC,TBD,,https://www.transfermarkt.com/club/startseite/verein/26629
28333,Al-Mina'a SC,TBD,Iraq,https://www.transfermarkt.com/club/startseite/verein/28333
51716,Al-Mojzel,TBD,,https://www.transfermarkt.com/club/startseite/verein/51716
13507,Al-Najma,TBD,,https://www.transfermarkt.com/club/startseite/verein/13507
12561,Al-Riffa SC,TBD,,https://www.transfermarkt.com/club/startseite/verein/12561
76664,Al-Safa,Saudi First Division League,,https://www.transfermarkt.com/club/startseite/verein/76664
32611,Al-Sahel SC,TBD,,https://www.transfermarkt.com/club/startseite/verein/32611
34836,Al-Seeb,TBD,Oman,https://www.transfermarkt.com/club/startseite/verein/34836
13593,Al-Shorta,TBD,Iraq,https://www.transfermarkt.com/club/startseite/verein/13593
85011,Al-Taraji,Saudi First Division League,,https://www.transfermarkt.com/club/startseite/verein/85011
107818,Al-Ula,TBD,Saudi Arabia,https://www.transfermarkt.com/club/startseite/verein/107818
13839,Alba Iulia,TBD,,https://www.transfermarkt.com/club/startseite/verein/13839
11655,Albacete U19,Youth/Reserve,,https://www.transfermarkt.com/club/startseite/verein/11655
85333,Alem. Hamberg,TBD,,https://www.transfermarkt.com/club/startseite/verein/85333
2721,Alessandria,TBD,,https://www.transfermarkt.com/club/startseite/verein/2721
18595,Aljustrelense,TBD,,https://www.transfermarkt.com/club/startseite/verein/18595
44858,Alki Oroklini,TBD,,https://www.transfermarkt.com/club/startseite/verein/44858
95797,Amara,TBD,,https://www.transfermarkt.com/club/startseite/verein/95797
7789,Amarante,TBD,,https://www.transfermarkt.com/club/startseite/verein/7789
55187,Amvr. Distomou,TBD,,https://www.transfermarkt.com/club/startseite/verein/55187
4747,Anadia,TBD,,https://www.transfermarkt.com/club/startseite/verein/4747
6043,Anagen.Derynias,2. Division,,https://www.transfermarkt.com/club/startseite/verein/6043
8699,Ap. Larisas,Super League 2,,https://www.transfermarkt.com/club/startseite/verein/8699
441,Apollon Smyrnis,TBD,,https://www.transfermarkt.com/club/startseite/verein/441
82262,Arges U19,Youth/Reserve,,https://www.transfermarkt.com/club/startseite/verein/82262
15942,Ariesul Turda,TBD,,https://www.transfermarkt.com/club/startseite/verein/15942
8024,Arouca,TBD,,https://www.transfermarkt.com/club/startseite/verein/8024
408,Ascoli,TBD,Italy,https://www.transfermarkt.com/club/startseite/verein/408
10373,Ashton United,TBD,,https://www.transfermarkt.com/club/startseite/verein/10373
46217,Astra Giur. U19,Youth/Reserve,,https://www.transfermarkt.com/club/startseite/verein/46217
14572,Astra II,Youth/Reserve,,https://www.transfermarkt.com/club/startseite/verein/14572
18687,Atl. Baleares,TBD,Spain,https://www.transfermarkt.com/club/startseite/verein/18687
21147,Atl. Bembibre,TBD,,https://www.transfermarkt.com/club/startseite/verein/21147
40825,Atletico Arad,TBD,,https://www.transfermarkt.com/club/startseite/verein/40825
45837,Atletico Uri,Serie D - G,,https://www.transfermarkt.com/club/startseite/verein/45837
92869,Atlètic Lleida,TBD,Spain,https://www.transfermarkt.com/club/startseite/verein/92869
41279,Aurul Brad,TBD,,https://www.transfermarkt.com/club/startseite/verein/41279
86156,Avantul Periam,TBD,,https://www.transfermarkt.com/club/startseite/verein/86156
12897,Avantul Reghin,TBD,,https://www.transfermarkt.com/club/startseite/verein/12897
2331,Avellino,TBD,Italy,https://www.transfermarkt.com/club/startseite/verein/2331
4028,Avezzano,TBD,,https://www.transfermarkt.com/club/startseite/verein/4028
59168,Axiopolis,TBD,,https://www.transfermarkt.com/club/startseite/verein/59168
2457,B SAD,Liga NOS,,https://www.transfermarkt.com/club/startseite/verein/2457
7923,BK Forward,Ettan Norra,,https://www.transfermarkt.com/club/startseite/verein/7923
2263,Bad Kreuznach,TBD,,https://www.transfermarkt.com/club/startseite/verein/2263
66955,Baia Mare U19,Youth/Reserve,,https://www.transfermarkt.com/club/startseite/verein/66955
30533,Balmazújváros,TBD,,https://www.transfermarkt.com/club/startseite/verein/30533
11873,Baltyk Gdynia,3 Liga Grupa II,,https://www.transfermarkt.com/club/startseite/verein/11873
32129,Balzan FC,TBD,,https://www.transfermarkt.com/club/startseite/verein/32129
20760,Bandirma Spor,TBD,,https://www.transfermarkt.com/club/startseite/verein/20760
93588,Barcelona-BA,Campeonato Baiano,,https://www.transfermarkt.com/club/startseite/verein/93588
114253,Barcău Nușfalău,TBD,,https://www.transfermarkt.com/club/startseite/verein/114253
19003,Bardejov,TBD,,https://www.transfermarkt.com/club/startseite/verein/19003
25184,Barracas C.,TBD,Argentina,https://www.transfermarkt.com/club/startseite/verein/25184
20066,Batuque,TBD,,https://www.transfermarkt.com/club/startseite/verein/20066
86630,Benab FC,TBD,,https://www.transfermarkt.com/club/startseite/verein/86630
8889,Benfica U19,Youth/Reserve,,https://www.transfermarkt.com/club/startseite/verein/8889
95578,Besa Dobri Dol,TBD,,https://www.transfermarkt.com/club/startseite/verein/95578
30809,Bicskei TC,TBD,,https://www.transfermarkt.com/club/startseite/verein/30809
10262,Birkirkara FC,TBD,Malta,https://www.transfermarkt.com/club/startseite/verein/10262
22275,Bisceglie,TBD,,https://www.transfermarkt.com/club/startseite/verein/22275
118728,Blue Ocean FC,TBD,,https://www.transfermarkt.com/club/startseite/verein/118728
83808,Bnei Shefaram,TBD,,https://www.transfermarkt.com/club/startseite/verein/83808
9095,Bnei Yehuda,TBD,Israel,https://www.transfermarkt.com/club/startseite/verein/9095
11266,Boavista,TBD,,https://www.transfermarkt.com/club/startseite/verein/11266
44006,Bodrum FK,TBD,,https://www.transfermarkt.com/club/startseite/verein/44006
1025,Bologna,TBD,,https://www.transfermarkt.com/club/startseite/verein/1025
3207,Boluspor,TBD,,https://www.transfermarkt.com/club/startseite/verein/3207
76581,Borac Sajkas,TBD,,https://www.transfermarkt.com/club/startseite/verein/76581
14976,Boston United U19,Youth/Reserve,,https://www.transfermarkt.com/club/startseite/verein/14976
2972,Bourg-en-Bresse,TBD,,https://www.transfermarkt.com/club/startseite/verein/2972
86158,Bradu Borca,TBD,,https://www.transfermarkt.com/club/startseite/verein/86158
9892,Bregalnica Stip,Prva liga,,https://www.transfermarkt.com/club/startseite/verein/9892
76906,Breno Giovanili,TBD,,https://www.transfermarkt.com/club/startseite/verein/76906
14829,Brescia U19,Youth/Reserve,,https://www.transfermarkt.com/club/startseite/verein/14829
5163,Brindisi,TBD,,https://www.transfermarkt.com/club/startseite/verein/5163
41434,Bucov. Radauti,TBD,,https://www.transfermarkt.com/club/startseite/verein/41434
27609,Budoni,TBD,Italy,https://www.transfermarkt.com/club/startseite/verein/27609
31259,C. Elblag,3 Liga - Grupa I,,https://www.transfermarkt.com/club/startseite/verein/31259
111947,C. Nehoiu,TBD,,https://www.transfermarkt.com/club/startseite/verein/111947
88054,CA Oradea U19,Youth/Reserve,,https://www.transfermarkt.com/club/startseite/verein/88054
22830,CABB Arreridj,Ligue 1,,https://www.transfermarkt.com/club/startseite/verein/22830
34724,CAO 1910 Oradea,TBD,,https://www.transfermarkt.com/club/startseite/verein/34724
101330,CAO-NAC,TBD,,https://www.transfermarkt.com/club/startseite/verein/101330
21177,CD Acero,TBD,,https://www.transfermarkt.com/club/startseite/verein/21177
2923,CD Badajoz,Primera Federación - Gr. I,,https://www.transfermarkt.com/club/startseite/verein/2923
102187,CD Estepona B,TBD,,https://www.transfermarkt.com/club/startseite/verein/102187
7803,CD Manacor,TBD,,https://www.transfermarkt.com/club/startseite/verein/7803
50619,CD Plus Ultra,TBD,,https://www.transfermarkt.com/club/startseite/verein/50619
648,CD Tenerife,TBD,Spain,https://www.transfermarkt.com/club/startseite/verein/648
11422,CE Sabadell,TBD,Spain,https://www.transfermarkt.com/club/startseite/verein/11422
82615,CF Can Vidalet,TBD,,https://www.transfermarkt.com/club/startseite/verein/82615
117693,CIL Blaj,TBD,,https://www.transfermarkt.com/club/startseite/verein/117693
86168,CN Mures U19,Youth/Reserve,,https://www.transfermarkt.com/club/startseite/verein/86168
63292,CNP Timisoara,TBD,,https://www.transfermarkt.com/club/startseite/verein/63292
13438,CP Villarrobledo,TBD,,https://www.transfermarkt.com/club/startseite/verein/13438
21534,CPN U19,Youth/Reserve,,https://www.transfermarkt.com/club/startseite/verein/21534
135731,CS Agigea 2023,TBD,,https://www.transfermarkt.com/club/startseite/verein/135731
37621,CS Balotesti,TBD,,https://www.transfermarkt.com/club/startseite/verein/37621
93422,CS Beiuș,TBD,,https://www.transfermarkt.com/club/startseite/verein/93422
92434,CS Beliu,TBD,,https://www.transfermarkt.com/club/startseite/verein/92434
37202,CS Blejoi,TBD,,https://www.transfermarkt.com/club/startseite/verein/37202
134543,CS Drobeta,TBD,,https://www.transfermarkt.com/club/startseite/verein/134543
37207,CS Eforie,TBD,,https://www.transfermarkt.com/club/startseite/verein/37207
56504,CS Faurei,TBD,,https://www.transfermarkt.com/club/startseite/verein/56504
113127,CS Gheorgheni,TBD,,https://www.transfermarkt.com/club/startseite/verein/113127
59172,CS Iernut,TBD,,https://www.transfermarkt.com/club/startseite/verein/59172
41081,CS Ineu,TBD,,https://www.transfermarkt.com/club/startseite/verein/41081
88180,CS Orţişoara,TBD,,https://www.transfermarkt.com/club/startseite/verein/88180
40753,CS Oșorhei,TBD,,https://www.transfermarkt.com/club/startseite/verein/40753
50609,CS Paulesti,TBD,,https://www.transfermarkt.com/club/startseite/verein/50609
28778,CS Sanem,TBD,,https://www.transfermarkt.com/club/startseite/verein/28778
28876,CS Unirea Santana,TBD,,https://www.transfermarkt.com/club/startseite/verein/28876
112373,CS Universitatea Craiova U19,Youth/Reserve,,https://www.transfermarkt.com/club/startseite/verein/112373
120965,CS Vulturii,TBD,,https://www.transfermarkt.com/club/startseite/verein/120965
68958,CSC Ghiroda,TBD,,https://www.transfermarkt.com/club/startseite/verein/68958
45520,CSF Speranta,Divizia National,,https://www.transfermarkt.com/club/startseite/verein/45520
90728,CSKA 1948 II,Youth/Reserve,,https://www.transfermarkt.com/club/startseite/verein/90728
113376,CSL Nanov,TBD,,https://www.transfermarkt.com/club/startseite/verein/113376
122344,CSL Ștefănești,TBD,,https://www.transfermarkt.com/club/startseite/verein/122344
113377,CSM Adjud,TBD,,https://www.transfermarkt.com/club/startseite/verein/113377
86102,CSM Bacau,TBD,,https://www.transfermarkt.com/club/startseite/verein/86102
32419,CSM Deva,TBD,,https://www.transfermarkt.com/club/startseite/verein/32419
37186,CSM Fetesti,TBD,,https://www.transfermarkt.com/club/startseite/verein/37186
45120,CSM Lugoj,TBD,,https://www.transfermarkt.com/club/startseite/verein/45120
32167,CSM Medgidia,TBD,,https://www.transfermarkt.com/club/startseite/verein/32167
68931,CSM Oltenita,TBD,,https://www.transfermarkt.com/club/startseite/verein/68931
41284,CSM Pascani,TBD,,https://www.transfermarkt.com/club/startseite/verein/41284
44318,CSM Ramnicu U19,Youth/Reserve,,https://www.transfermarkt.com/club/startseite/verein/44318
11352,CSM Roman,TBD,,https://www.transfermarkt.com/club/startseite/verein/11352
111736,CSM Sacele,TBD,,https://www.transfermarkt.com/club/startseite/verein/111736
45529,CSM Sighet,TBD,,https://www.transfermarkt.com/club/startseite/verein/45529
68595,CSM Targu Mures,TBD,,https://www.transfermarkt.com/club/startseite/verein/68595
121464,CSM Tg. Jiu,TBD,,https://www.transfermarkt.com/club/startseite/verein/121464
105631,CSM Vaslui,TBD,,https://www.transfermarkt.com/club/startseite/verein/105631
118008,CSO Băicoi,TBD,,https://www.transfermarkt.com/club/startseite/verein/118008
100996,CSO Deta,TBD,,https://www.transfermarkt.com/club/startseite/verein/100996
102160,CSO Ovidiu,TBD,,https://www.transfermarkt.com/club/startseite/verein/102160
9464,CSO Plopeni,TBD,,https://www.transfermarkt.com/club/startseite/verein/9464
112764,CSO Turceni,TBD,,https://www.transfermarkt.com/club/startseite/verein/112764
97247,CSP Satu Mare,TBD,,https://www.transfermarkt.com/club/startseite/verein/97247
112081,CSS Craiova,TBD,,https://www.transfermarkt.com/club/startseite/verein/112081
58201,CSS Slatina,TBD,,https://www.transfermarkt.com/club/startseite/verein/58201
72298,CSU Alba Iulia,TBD,,https://www.transfermarkt.com/club/startseite/verein/72298
4030,Calahorra,Segunda Federación - Gr. II,,https://www.transfermarkt.com/club/startseite/verein/4030
95995,Calimanesti,TBD,,https://www.transfermarkt.com/club/startseite/verein/95995
24296,Canon Yaoundé,TBD,,https://www.transfermarkt.com/club/startseite/verein/24296
61423,Canosa,TBD,,https://www.transfermarkt.com/club/startseite/verein/61423
122891,Capel Plough,TBD,,https://www.transfermarkt.com/club/startseite/verein/122891
139174,Carașova,TBD,,https://www.transfermarkt.com/club/startseite/verein/139174
35824,Carbonia,Serie D - G,,https://www.transfermarkt.com/club/startseite/verein/35824
42875,Carmen Buk.,TBD,,https://www.transfermarkt.com/club/startseite/verein/42875
10748,Castelnuovo,TBD,,https://www.transfermarkt.com/club/startseite/verein/10748
31292,Cattolica,Serie D - C,,https://www.transfermarkt.com/club/startseite/verein/31292
23083,Ceahlaul II,Youth/Reserve,,https://www.transfermarkt.com/club/startseite/verein/23083
24017,Cegléd,TBD,,https://www.transfermarkt.com/club/startseite/verein/24017
63465,Centrul de Exc.,TBD,,https://www.transfermarkt.com/club/startseite/verein/63465
54894,Cerdanyola FC,TBD,,https://www.transfermarkt.com/club/startseite/verein/54894
1429,Cesena,TBD,,https://www.transfermarkt.com/club/startseite/verein/1429
118139,Cetatea 1932,TBD,,https://www.transfermarkt.com/club/startseite/verein/118139
97081,Cetatea Tr. M.,TBD,,https://www.transfermarkt.com/club/startseite/verein/97081
1161,Chamois Niort,Ligue 2,,https://www.transfermarkt.com/club/startseite/verein/1161
862,Chievo Verona,TBD,Italy,https://www.transfermarkt.com/club/startseite/verein/862
68930,Chindia U19,Youth/Reserve,,https://www.transfermarkt.com/club/startseite/verein/68930
52900,Chisola,TBD,Italy,https://www.transfermarkt.com/club/startseite/verein/52900
7805,Chrudim,TBD,,https://www.transfermarkt.com/club/startseite/verein/7805
34570,Cigánd,TBD,,https://www.transfermarkt.com/club/startseite/verein/34570
3524,Clermont Foot,TBD,,https://www.transfermarkt.com/club/startseite/verein/3524
9103,Cobreloa,TBD,Chile,https://www.transfermarkt.com/club/startseite/verein/9103
50992,Codru,Divizia National,,https://www.transfermarkt.com/club/startseite/verein/50992
1070,Colon,TBD,Argentina,https://www.transfermarkt.com/club/startseite/verein/1070
43309,Colorno,TBD,,https://www.transfermarkt.com/club/startseite/verein/43309
34726,Coltea,TBD,,https://www.transfermarkt.com/club/startseite/verein/34726
58199,Coltea U19,Youth/Reserve,,https://www.transfermarkt.com/club/startseite/verein/58199
37184,Comprest Gim,TBD,,https://www.transfermarkt.com/club/startseite/verein/37184
49912,Condal Club,TBD,,https://www.transfermarkt.com/club/startseite/verein/49912
3280,Confiança,TBD,,https://www.transfermarkt.com/club/startseite/verein/3280
34422,Cork Academy,Youth/Reserve,,https://www.transfermarkt.com/club/startseite/verein/34422
20779,Cork City Res.,TBD,,https://www.transfermarkt.com/club/startseite/verein/20779
122933,Corona Brasov,TBD,,https://www.transfermarkt.com/club/startseite/verein/122933
25817,Cova Piedade,LigaPro,,https://www.transfermarkt.com/club/startseite/verein/25817
32636,Coventry U21,Youth/Reserve,,https://www.transfermarkt.com/club/startseite/verein/32636
2239,Cremonese,TBD,Italy,https://www.transfermarkt.com/club/startseite/verein/2239
59355,Crisul Chisineu,TBD,,https://www.transfermarkt.com/club/startseite/verein/59355
107353,Curtişoara,TBD,,https://www.transfermarkt.com/club/startseite/verein/107353
4542,CyD Leonesa,TBD,Spain,https://www.transfermarkt.com/club/startseite/verein/4542
2687,Cádiz CF,TBD,Spain,https://www.transfermarkt.com/club/startseite/verein/2687
993,Córdoba CF,TBD,Spain,https://www.transfermarkt.com/club/startseite/verein/993
102599,D. Giurgiu,TBD,,https://www.transfermarkt.com/club/startseite/verein/102599
87638,Dacia B U19,Youth/Reserve,,https://www.transfermarkt.com/club/startseite/verein/87638
83092,Daesti,TBD,,https://www.transfermarkt.com/club/startseite/verein/83092
86060,Dante Botosani,TBD,,https://www.transfermarkt.com/club/startseite/verein/86060
19304,Delfín SC,TBD,Ecuador,https://www.transfermarkt.com/club/startseite/verein/19304
12639,Delta Tulcea,TBD,,https://www.transfermarkt.com/club/startseite/verein/12639
15023,Denizlispor U21,Youth/Reserve,,https://www.transfermarkt.com/club/startseite/verein/15023
8781,Dep. Cuenca,TBD,Ecuador,https://www.transfermarkt.com/club/startseite/verein/8781
897,Dep. La Coruña,TBD,Spain,https://www.transfermarkt.com/club/startseite/verein/897
19775,Dep. Riestra,TBD,,https://www.transfermarkt.com/club/startseite/verein/19775
16239,Desna,Premier Liga,,https://www.transfermarkt.com/club/startseite/verein/16239
3336,Desportivo Aves,Liga NOS,,https://www.transfermarkt.com/club/startseite/verein/3336
8758,Diagoras,TBD,,https://www.transfermarkt.com/club/startseite/verein/8758
57870,Digenis Ypsona,TBD,Cyprus,https://www.transfermarkt.com/club/startseite/verein/57870
51572,Dikkelvenne,TBD,,https://www.transfermarkt.com/club/startseite/verein/51572
94410,Dinamo Bacau,TBD,,https://www.transfermarkt.com/club/startseite/verein/94410
38921,Dinamo-Auto,Divizia National,,https://www.transfermarkt.com/club/startseite/verein/38921
86612,Dinamyk Craiova,TBD,,https://www.transfermarkt.com/club/startseite/verein/86612
72249,Diosig,TBD,,https://www.transfermarkt.com/club/startseite/verein/72249
73273,Dnyapro Mogilev,TBD,,https://www.transfermarkt.com/club/startseite/verein/73273
27770,Dorog,TBD,,https://www.transfermarkt.com/club/startseite/verein/27770
3393,Doxa Katokopias,TBD,Cyprus,https://www.transfermarkt.com/club/startseite/verein/3393
7396,Dumiense,TBD,,https://www.transfermarkt.com/club/startseite/verein/7396
76059,Dumlupinar TSK,TBD,,https://www.transfermarkt.com/club/startseite/verein/76059
110173,Dun. Ciocănești,TBD,,https://www.transfermarkt.com/club/startseite/verein/110173
95324,Dun. Grădiștea,TBD,,https://www.transfermarkt.com/club/startseite/verein/95324
1519,Dundee United,TBD,,https://www.transfermarkt.com/club/startseite/verein/1519
79704,Déols,TBD,,https://www.transfermarkt.com/club/startseite/verein/79704
87344,East Riffa Jgd,TBD,,https://www.transfermarkt.com/club/startseite/verein/87344
3000,East Stirling,TBD,Scotland,https://www.transfermarkt.com/club/startseite/verein/3000
123841,Ejike Ugboaja,TBD,,https://www.transfermarkt.com/club/startseite/verein/123841
12567,Eldense,TBD,,https://www.transfermarkt.com/club/startseite/verein/12567
97922,Electrica Tm.,TBD,,https://www.transfermarkt.com/club/startseite/verein/97922
39840,Emblem IL,TBD,,https://www.transfermarkt.com/club/startseite/verein/39840
67841,Emmanuel City,TBD,,https://www.transfermarkt.com/club/startseite/verein/67841
7977,Eolikos,TBD,,https://www.transfermarkt.com/club/startseite/verein/7977
64383,Erbiceni,TBD,,https://www.transfermarkt.com/club/startseite/verein/64383
24326,Ermis Aradippou,TBD,,https://www.transfermarkt.com/club/startseite/verein/24326
21423,Erpeldange,TBD,,https://www.transfermarkt.com/club/startseite/verein/21423
10856,Esportivo,TBD,,https://www.transfermarkt.com/club/startseite/verein/10856
288,Estudiantes LP,TBD,Argentina,https://www.transfermarkt.com/club/startseite/verein/288
72311,Etoiles Mandé,TBD,,https://www.transfermarkt.com/club/startseite/verein/72311
29095,Extremadura,TBD,,https://www.transfermarkt.com/club/startseite/verein/29095
125218,FC 2018 Rovine,TBD,,https://www.transfermarkt.com/club/startseite/verein/125218
116,FC Aarau,TBD,,https://www.transfermarkt.com/club/startseite/verein/116
38464,FC Ardealul,TBD,,https://www.transfermarkt.com/club/startseite/verein/38464
97934,FC Argeș II,Youth/Reserve,,https://www.transfermarkt.com/club/startseite/verein/97934
72868,FC Avrig,TBD,,https://www.transfermarkt.com/club/startseite/verein/72868
20151,FC Buxoro,TBD,,https://www.transfermarkt.com/club/startseite/verein/20151
21630,FC Buzau U19,Youth/Reserve,,https://www.transfermarkt.com/club/startseite/verein/21630
7077,FC Cartagena,TBD,Spain,https://www.transfermarkt.com/club/startseite/verein/7077
510,FC Chiasso,Promotion League,,https://www.transfermarkt.com/club/startseite/verein/510
93659,FC Clivense SM,Serie D - B,,https://www.transfermarkt.com/club/startseite/verein/93659
37188,FC D. Coman,TBD,,https://www.transfermarkt.com/club/startseite/verein/37188
28170,FC Edmonton,CanPL,,https://www.transfermarkt.com/club/startseite/verein/28170
37842,FC Fully,TBD,,https://www.transfermarkt.com/club/startseite/verein/37842
19587,FC Liria,Superliga e Kosovës,,https://www.transfermarkt.com/club/startseite/verein/19587
6365,FC Locomotive,Erovnuli Liga,,https://www.transfermarkt.com/club/startseite/verein/6365
21934,FC Luftëtari,Kategoria Superiore,,https://www.transfermarkt.com/club/startseite/verein/21934
29556,FC Orania Vianden,TBD,,https://www.transfermarkt.com/club/startseite/verein/29556
74318,FC Pucioasa,TBD,,https://www.transfermarkt.com/club/startseite/verein/74318
45235,FC Romania,TBD,,https://www.transfermarkt.com/club/startseite/verein/45235
73204,FC Rustavi II,Youth/Reserve,,https://www.transfermarkt.com/club/startseite/verein/73204
54581,FC Sireți,TBD,,https://www.transfermarkt.com/club/startseite/verein/54581
110204,FC Suhareka,TBD,,https://www.transfermarkt.com/club/startseite/verein/110204
3520,FC Sète 34,National 2 - Grp. C,,https://www.transfermarkt.com/club/startseite/verein/3520
12005,FC ViOn,TBD,Slovakia,https://www.transfermarkt.com/club/startseite/verein/12005
13837,FCSB U21,Youth/Reserve,,https://www.transfermarkt.com/club/startseite/verein/13837
103063,FCSB Yth.,TBD,,https://www.transfermarkt.com/club/startseite/verein/103063
32697,FCU Craiova U17,Youth/Reserve,,https://www.transfermarkt.com/club/startseite/verein/32697
6803,FK Alfa Modriča,Prva Liga RS,,https://www.transfermarkt.com/club/startseite/verein/6803
102585,FK Csikszereda Miercurea Ciuc II,Youth/Reserve,,https://www.transfermarkt.com/club/startseite/verein/102585
75799,FK Gornji Rahic,TBD,,https://www.transfermarkt.com/club/startseite/verein/75799
50983,FK Podgorica,TBD,Montenegro,https://www.transfermarkt.com/club/startseite/verein/50983
57890,FK Sabail,TBD,,https://www.transfermarkt.com/club/startseite/verein/57890
6163,FK Senica,TBD,,https://www.transfermarkt.com/club/startseite/verein/6163
21774,FK Skopje,TBD,,https://www.transfermarkt.com/club/startseite/verein/21774
43532,FK Tuzla City,TBD,Bosnia-Herzegovina,https://www.transfermarkt.com/club/startseite/verein/43532
2669,FS Kozani,TBD,,https://www.transfermarkt.com/club/startseite/verein/2669
25807,Fabril Barreiro,TBD,,https://www.transfermarkt.com/club/startseite/verein/25807
86174,Falesti,TBD,,https://www.transfermarkt.com/club/startseite/verein/86174
54575,Fanfulla,Serie D - D,,https://www.transfermarkt.com/club/startseite/verein/54575
24655,Fehérvár II,Youth/Reserve,,https://www.transfermarkt.com/club/startseite/verein/24655
24029,Ferencváros II,Youth/Reserve,,https://www.transfermarkt.com/club/startseite/verein/24029
4033,Fermana,TBD,,https://www.transfermarkt.com/club/startseite/verein/4033
70286,Flacara Horezu,TBD,,https://www.transfermarkt.com/club/startseite/verein/70286
32290,Flacara Moreni,TBD,,https://www.transfermarkt.com/club/startseite/verein/32290
107680,Flacăra Boteni,TBD,,https://www.transfermarkt.com/club/startseite/verein/107680
13341,Flandria,TBD,Argentina,https://www.transfermarkt.com/club/startseite/verein/13341
36599,Foresta Suceava,TBD,,https://www.transfermarkt.com/club/startseite/verein/36599
72570,Fortuna B. Mic,TBD,,https://www.transfermarkt.com/club/startseite/verein/72570
2421,Freamunde,TBD,,https://www.transfermarkt.com/club/startseite/verein/2421
34491,Front. Curtici,TBD,,https://www.transfermarkt.com/club/startseite/verein/34491
70378,G. Manresa U19,Youth/Reserve,,https://www.transfermarkt.com/club/startseite/verein/70378
83149,GSD Kl Pertusa,TBD,,https://www.transfermarkt.com/club/startseite/verein/83149
46949,GSP Polet,TBD,,https://www.transfermarkt.com/club/startseite/verein/46949
141,Galatasaray,TBD,,https://www.transfermarkt.com/club/startseite/verein/141
116652,Galaxy Tm.,TBD,,https://www.transfermarkt.com/club/startseite/verein/116652
42055,Genclik Gücü,TBD,,https://www.transfermarkt.com/club/startseite/verein/42055
17483,General Diaz,Primera División Apertura,,https://www.transfermarkt.com/club/startseite/verein/17483
8517,Genoa U19,Youth/Reserve,,https://www.transfermarkt.com/club/startseite/verein/8517
111684,Geoagiu,TBD,,https://www.transfermarkt.com/club/startseite/verein/111684
86159,Gheorghe Doja,TBD,,https://www.transfermarkt.com/club/startseite/verein/86159
86153,Gilortul,TBD,,https://www.transfermarkt.com/club/startseite/verein/86153
5648,Gimnàstic,TBD,Spain,https://www.transfermarkt.com/club/startseite/verein/5648
12588,Gimnástica,TBD,,https://www.transfermarkt.com/club/startseite/verein/12588
38200,Glacis United,TBD,,https://www.transfermarkt.com/club/startseite/verein/38200
9026,Glentoran,TBD,,https://www.transfermarkt.com/club/startseite/verein/9026
86152,Gloria Albesti,TBD,,https://www.transfermarkt.com/club/startseite/verein/86152
95789,Gloria Baneasa,TBD,,https://www.transfermarkt.com/club/startseite/verein/95789
35622,Gloria CFR Arad,TBD,,https://www.transfermarkt.com/club/startseite/verein/35622
95996,Gloria Ultra,TBD,,https://www.transfermarkt.com/club/startseite/verein/95996
4333,Grosseto,TBD,Italy,https://www.transfermarkt.com/club/startseite/verein/4333
12690,Grêmio U20,Youth/Reserve,,https://www.transfermarkt.com/club/startseite/verein/12690
4090,Gualdo,TBD,,https://www.transfermarkt.com/club/startseite/verein/4090
36628,GuiZ FC,TBD,,https://www.transfermarkt.com/club/startseite/verein/36628
116379,Gura Humorului,TBD,,https://www.transfermarkt.com/club/startseite/verein/116379
111841,Gura Suții,TBD,,https://www.transfermarkt.com/club/startseite/verein/111841
22610,Gyirmót FC,NB II.,,https://www.transfermarkt.com/club/startseite/verein/22610
32768,Gzira Utd.,TBD,Malta,https://www.transfermarkt.com/club/startseite/verein/32768
52946,Gárdony,TBD,,https://www.transfermarkt.com/club/startseite/verein/52946
7532,H. Kfar Saba,TBD,Israel,https://www.transfermarkt.com/club/startseite/verein/7532
262,H. Petah Tikva,TBD,Israel,https://www.transfermarkt.com/club/startseite/verein/262
29484,H. Umm al-Fahm,TBD,,https://www.transfermarkt.com/club/startseite/verein/29484
37669,H.szoboszló,TBD,,https://www.transfermarkt.com/club/startseite/verein/37669
4313,HB Tórshavn,TBD,,https://www.transfermarkt.com/club/startseite/verein/4313
127882,HM Șugag,TBD,,https://www.transfermarkt.com/club/startseite/verein/127882
223,HNK Sibenik,SuperSport HNL,,https://www.transfermarkt.com/club/startseite/verein/223
29201,HZVV,Hoofdklasse B Sa,,https://www.transfermarkt.com/club/startseite/verein/29201
3140,Hajduk 1912,TBD,,https://www.transfermarkt.com/club/startseite/verein/3140
32343,Hajer,TBD,,https://www.transfermarkt.com/club/startseite/verein/32343
649,Haladás,NB II.,,https://www.transfermarkt.com/club/startseite/verein/649
110495,Hamangia Baia,TBD,,https://www.transfermarkt.com/club/startseite/verein/110495
17149,Hamrun Spart.,TBD,Malta,https://www.transfermarkt.com/club/startseite/verein/17149
24026,Hapoel Bnei Lod,TBD,,https://www.transfermarkt.com/club/startseite/verein/24026
51931,Hapoel Hadera,TBD,Israel,https://www.transfermarkt.com/club/startseite/verein/51931
32234,Hapoel Herzliya,TBD,,https://www.transfermarkt.com/club/startseite/verein/32234
17195,Hatta Club,TBD,,https://www.transfermarkt.com/club/startseite/verein/17195
6908,Hayes & Yeading,TBD,,https://www.transfermarkt.com/club/startseite/verein/6908
40196,Hercílio Luz,TBD,,https://www.transfermarkt.com/club/startseite/verein/40196
485,Hrv Dragovoljac,Prva NL,,https://www.transfermarkt.com/club/startseite/verein/485
33801,Huragan Morag,TBD,,https://www.transfermarkt.com/club/startseite/verein/33801
85248,Husana Husi,TBD,,https://www.transfermarkt.com/club/startseite/verein/85248
39861,Härnösands FF,TBD,,https://www.transfermarkt.com/club/startseite/verein/39861
7971,Hércules CF,TBD,Spain,https://www.transfermarkt.com/club/startseite/verein/7971
49885,IFK Haninge,TBD,,https://www.transfermarkt.com/club/startseite/verein/49885
9789,IFK Lidingö,TBD,,https://www.transfermarkt.com/club/startseite/verein/9789
128176,Ikon Allah FA,TBD,,https://www.transfermarkt.com/club/startseite/verein/128176
3746,Ilinden,TBD,,https://www.transfermarkt.com/club/startseite/verein/3746
52227,Ilvamaddalena,TBD,,https://www.transfermarkt.com/club/startseite/verein/52227
2996,Incheon Utd.,TBD,"Korea, South",https://www.transfermarkt.com/club/startseite/verein/2996
37253,Independenta,TBD,,https://www.transfermarkt.com/club/startseite/verein/37253
56363,Industria Galda,TBD,,https://www.transfermarkt.com/club/startseite/verein/56363
44917,Inter Leipzig,TBD,,https://www.transfermarkt.com/club/startseite/verein/44917
97775,Inter Stars Sb.,TBD,,https://www.transfermarkt.com/club/startseite/verein/97775
918,Inter Zapresic,Prva NL,,https://www.transfermarkt.com/club/startseite/verein/918
50260,Inter de Madrid,TBD,,https://www.transfermarkt.com/club/startseite/verein/50260
89895,Interstar U19,Youth/Reserve,,https://www.transfermarkt.com/club/startseite/verein/89895
553,Ionikos Nikeas,Super League 1,,https://www.transfermarkt.com/club/startseite/verein/553
9073,Irodotos,TBD,,https://www.transfermarkt.com/club/startseite/verein/9073
51070,Ironi Tiberias,TBD,,https://www.transfermarkt.com/club/startseite/verein/51070
4773,Ituano,TBD,,https://www.transfermarkt.com/club/startseite/verein/4773
110435,Jacou Clapiers,TBD,,https://www.transfermarkt.com/club/startseite/verein/110435
8332,Jadran Porec,TBD,,https://www.transfermarkt.com/club/startseite/verein/8332
67267,Jedinstvo Sur,TBD,,https://www.transfermarkt.com/club/startseite/verein/67267
118971,Jimmy FA,TBD,,https://www.transfermarkt.com/club/startseite/verein/118971
9830,Jiul Petrosani,TBD,,https://www.transfermarkt.com/club/startseite/verein/9830
36678,Jodan Boys,TBD,,https://www.transfermarkt.com/club/startseite/verein/36678
5587,Juve Stabia,TBD,Italy,https://www.transfermarkt.com/club/startseite/verein/5587
26407,Juventus Bascov,TBD,,https://www.transfermarkt.com/club/startseite/verein/26407
21935,Jászberény,TBD,,https://www.transfermarkt.com/club/startseite/verein/21935
27062,KF Erzeni,Kategoria e Parë,,https://www.transfermarkt.com/club/startseite/verein/27062
27081,KF Iliria,TBD,Albania,https://www.transfermarkt.com/club/startseite/verein/27081
51519,KF Skënderbeu B,TBD,,https://www.transfermarkt.com/club/startseite/verein/51519
3739,KF Teuta,TBD,,https://www.transfermarkt.com/club/startseite/verein/3739
21781,KF Tërbuni,Kategoria e Parë,,https://www.transfermarkt.com/club/startseite/verein/21781
498,KSC Lokeren,TBD,,https://www.transfermarkt.com/club/startseite/verein/498
60794,KSE Tg.Secuiesc,TBD,,https://www.transfermarkt.com/club/startseite/verein/60794
2977,KSV Roeselare,1ste Nationale,,https://www.transfermarkt.com/club/startseite/verein/2977
2861,KV Oostende,JPL,,https://www.transfermarkt.com/club/startseite/verein/2861
568,Kaizer Chiefs,TBD,,https://www.transfermarkt.com/club/startseite/verein/568
6056,Kaposvár,TBD,,https://www.transfermarkt.com/club/startseite/verein/6056
27399,Karcagi SE,TBD,Hungary,https://www.transfermarkt.com/club/startseite/verein/27399
2477,Karpaty,Druga Liga,,https://www.transfermarkt.com/club/startseite/verein/2477
13959,Kazma SC,TBD,,https://www.transfermarkt.com/club/startseite/verein/13959
22114,Kelantan FC,TBD,,https://www.transfermarkt.com/club/startseite/verein/22114
54890,Kelen SC,TBD,,https://www.transfermarkt.com/club/startseite/verein/54890
46112,Khanh Hoa FC,TBD,,https://www.transfermarkt.com/club/startseite/verein/46112
86161,Kids Tampa,TBD,,https://www.transfermarkt.com/club/startseite/verein/86161
27715,Kirchhörder SC,TBD,,https://www.transfermarkt.com/club/startseite/verein/27715
9290,Kiruna FF,TBD,,https://www.transfermarkt.com/club/startseite/verein/9290
12514,Kolubara,Super liga Srbije,,https://www.transfermarkt.com/club/startseite/verein/12514
21883,Kormákur/Hvöt,TBD,,https://www.transfermarkt.com/club/startseite/verein/21883
24023,Kozármisleny,TBD,,https://www.transfermarkt.com/club/startseite/verein/24023
91158,Krumovgrad,efbet Liga,,https://www.transfermarkt.com/club/startseite/verein/91158
20234,L. Tashkent U21,Youth/Reserve,,https://www.transfermarkt.com/club/startseite/verein/20234
59170,L. Teuz Cermei,TBD,,https://www.transfermarkt.com/club/startseite/verein/59170
32723,LPS Banatul,TBD,,https://www.transfermarkt.com/club/startseite/verein/32723
72251,LPS Bihorul,TBD,,https://www.transfermarkt.com/club/startseite/verein/72251
98502,LPS Buzău,TBD,,https://www.transfermarkt.com/club/startseite/verein/98502
98503,LPS Buzău U18,Youth/Reserve,,https://www.transfermarkt.com/club/startseite/verein/98503
58280,LPS Satu Mare,TBD,,https://www.transfermarkt.com/club/startseite/verein/58280
113007,LPSHD Clinceni,TBD,,https://www.transfermarkt.com/club/startseite/verein/113007
106507,LSS Vointa,TBD,,https://www.transfermarkt.com/club/startseite/verein/106507
88862,Lalitpur City,TBD,,https://www.transfermarkt.com/club/startseite/verein/88862
27662,Lamezia,Serie D - I,,https://www.transfermarkt.com/club/startseite/verein/27662
59917,Lanciano,TBD,,https://www.transfermarkt.com/club/startseite/verein/59917
48977,Levico Terme,Serie D - B,,https://www.transfermarkt.com/club/startseite/verein/48977
3267,Leça,TBD,,https://www.transfermarkt.com/club/startseite/verein/3267
1079,Liaoning FC,TBD,,https://www.transfermarkt.com/club/startseite/verein/1079
79142,Lioni,TBD,,https://www.transfermarkt.com/club/startseite/verein/79142
29763,Lipót,TBD,,https://www.transfermarkt.com/club/startseite/verein/29763
47420,Lleida Esp. B,TBD,,https://www.transfermarkt.com/club/startseite/verein/47420
6907,Lobi Stars,NPFL,,https://www.transfermarkt.com/club/startseite/verein/6907
48907,Logan Lightning,TBD,,https://www.transfermarkt.com/club/startseite/verein/48907
46053,Lok Ruse,TBD,,https://www.transfermarkt.com/club/startseite/verein/46053
34559,Lorca FC,TBD,,https://www.transfermarkt.com/club/startseite/verein/34559
46505,Lori Vanadzor,Premier League,,https://www.transfermarkt.com/club/startseite/verein/46505
5208,Los Andes,TBD,Argentina,https://www.transfermarkt.com/club/startseite/verein/5208
44810,Lotus B. Felix,TBD,,https://www.transfermarkt.com/club/startseite/verein/44810
34504,Loures,TBD,,https://www.transfermarkt.com/club/startseite/verein/34504
271,Lovech,Vtora Liga,,https://www.transfermarkt.com/club/startseite/verein/271
1253,Lucchese,TBD,,https://www.transfermarkt.com/club/startseite/verein/1253
34768,Luceafarul,TBD,,https://www.transfermarkt.com/club/startseite/verein/34768
42810,Luceafarul BR,TBD,,https://www.transfermarkt.com/club/startseite/verein/42810
82193,Lunano,TBD,,https://www.transfermarkt.com/club/startseite/verein/82193
2828,M. Ahi Nazareth,TBD,,https://www.transfermarkt.com/club/startseite/verein/2828
95788,M. Caransebes,TBD,,https://www.transfermarkt.com/club/startseite/verein/95788
86151,M. Costesti,TBD,,https://www.transfermarkt.com/club/startseite/verein/86151
111687,M. Lupeni,TBD,,https://www.transfermarkt.com/club/startseite/verein/111687
102923,M. Ocna Dej II,Youth/Reserve,,https://www.transfermarkt.com/club/startseite/verein/102923
3785,M. Petah Tikva,TBD,Israel,https://www.transfermarkt.com/club/startseite/verein/3785
79432,MOS Caen,TBD,,https://www.transfermarkt.com/club/startseite/verein/79432
86157,Magura Cisnadie,TBD,,https://www.transfermarkt.com/club/startseite/verein/86157
70299,Majad. U19,Youth/Reserve,,https://www.transfermarkt.com/club/startseite/verein/70299
59528,Majosi SE,TBD,,https://www.transfermarkt.com/club/startseite/verein/59528
44486,Maktaaral,TBD,,https://www.transfermarkt.com/club/startseite/verein/44486
24014,Makói FC,TBD,,https://www.transfermarkt.com/club/startseite/verein/24014
14742,Mallorca U19,Youth/Reserve,,https://www.transfermarkt.com/club/startseite/verein/14742
25837,Mangualde,TBD,,https://www.transfermarkt.com/club/startseite/verein/25837
101732,Mediaș 2022,TBD,,https://www.transfermarkt.com/club/startseite/verein/101732
102235,Metaloglob. U19,Youth/Reserve,,https://www.transfermarkt.com/club/startseite/verein/102235
41365,Metalurg. Cugir,TBD,,https://www.transfermarkt.com/club/startseite/verein/41365
4250,Metropolitano,TBD,,https://www.transfermarkt.com/club/startseite/verein/4250
37199,Mihailesti,TBD,,https://www.transfermarkt.com/club/startseite/verein/37199
37216,Mil. Giarmata,TBD,,https://www.transfermarkt.com/club/startseite/verein/37216
46235,Minaur U19,Youth/Reserve,,https://www.transfermarkt.com/club/startseite/verein/46235
84921,Miner. Ocna Dej,TBD,,https://www.transfermarkt.com/club/startseite/verein/84921
94832,Minerul Rodna,TBD,,https://www.transfermarkt.com/club/startseite/verein/94832
86829,Mintiu Gherlii,TBD,,https://www.transfermarkt.com/club/startseite/verein/86829
3876,Mirassol-SP,TBD,Brazil,https://www.transfermarkt.com/club/startseite/verein/3876
41535,Miroslava,TBD,,https://www.transfermarkt.com/club/startseite/verein/41535
22766,Mlad. Zdralovi,TBD,,https://www.transfermarkt.com/club/startseite/verein/22766
11324,Modelu,TBD,,https://www.transfermarkt.com/club/startseite/verein/11324
4339,Montevarchi,TBD,Italy,https://www.transfermarkt.com/club/startseite/verein/4339
30003,Mosonmagyaróvár,TBD,,https://www.transfermarkt.com/club/startseite/verein/30003
84889,Mostistea Ulmu,TBD,,https://www.transfermarkt.com/club/startseite/verein/84889
22941,Mouloudia,TBD,,https://www.transfermarkt.com/club/startseite/verein/22941
29228,Mouscron,JPL,,https://www.transfermarkt.com/club/startseite/verein/29228
112610,Mouscron,TBD,,https://www.transfermarkt.com/club/startseite/verein/112610
52562,Mouscron U21,Youth/Reserve,,https://www.transfermarkt.com/club/startseite/verein/52562
138711,Moșnița Nouă,TBD,,https://www.transfermarkt.com/club/startseite/verein/138711
109743,Msp Calcio,TBD,,https://www.transfermarkt.com/club/startseite/verein/109743
30400,Muhlenbach,BGL Ligue,,https://www.transfermarkt.com/club/startseite/verein/30400
96841,Muresul Tg. Ms.,TBD,,https://www.transfermarkt.com/club/startseite/verein/96841
2476,NK Ankaran,TBD,,https://www.transfermarkt.com/club/startseite/verein/2476
34497,NK Brezice 1919,TBD,,https://www.transfermarkt.com/club/startseite/verein/34497
710,NK Celje,TBD,,https://www.transfermarkt.com/club/startseite/verein/710
15685,NK Crikvenica,TBD,,https://www.transfermarkt.com/club/startseite/verein/15685
37417,NK Fuzinar,Druga Liga,,https://www.transfermarkt.com/club/startseite/verein/37417
12817,NK Kustosija,Prva NL,,https://www.transfermarkt.com/club/startseite/verein/12817
17028,NK Nasice,TBD,,https://www.transfermarkt.com/club/startseite/verein/17028
12266,NK Primorac (B),TBD,,https://www.transfermarkt.com/club/startseite/verein/12266
36289,NK Rudes U19,Youth/Reserve,,https://www.transfermarkt.com/club/startseite/verein/36289
53177,NK Varteks,TBD,,https://www.transfermarkt.com/club/startseite/verein/53177
11023,NK Vrapce,TBD,,https://www.transfermarkt.com/club/startseite/verein/11023
26586,Najran SC,Saudi First Division League,,https://www.transfermarkt.com/club/startseite/verein/26586
12869,Nantwich Town,TBD,,https://www.transfermarkt.com/club/startseite/verein/12869
30629,National Sebis,TBD,,https://www.transfermarkt.com/club/startseite/verein/30629
18945,Nea Salamis,TBD,Cyprus,https://www.transfermarkt.com/club/startseite/verein/18945
131901,Nera Bogodinț,TBD,,https://www.transfermarkt.com/club/startseite/verein/131901
80394,Neuves-Maisons,TBD,,https://www.transfermarkt.com/club/startseite/verein/80394
9253,Newcastle U23,Youth/Reserve,,https://www.transfermarkt.com/club/startseite/verein/9253
54536,Nibbiano,TBD,,https://www.transfermarkt.com/club/startseite/verein/54536
60244,NibionnOggiono,Serie D - B,,https://www.transfermarkt.com/club/startseite/verein/60244
5572,Niki Volou,TBD,,https://www.transfermarkt.com/club/startseite/verein/5572
21877,Njardvík,TBD,,https://www.transfermarkt.com/club/startseite/verein/21877
22216,Nogueirense,TBD,,https://www.transfermarkt.com/club/startseite/verein/22216
50885,Nordic Utd. FC,TBD,Sweden,https://www.transfermarkt.com/club/startseite/verein/50885
11514,Nordstern BS,TBD,,https://www.transfermarkt.com/club/startseite/verein/11514
11196,Northwood FC,TBD,,https://www.transfermarkt.com/club/startseite/verein/11196
55898,Novo. Lucenec,TBD,,https://www.transfermarkt.com/club/startseite/verein/55898
111352,Nucet,TBD,,https://www.transfermarkt.com/club/startseite/verein/111352
77495,Nyíregyháza II,Youth/Reserve,,https://www.transfermarkt.com/club/startseite/verein/77495
15062,Nàstic U19,Youth/Reserve,,https://www.transfermarkt.com/club/startseite/verein/15062
37185,O. Secuiesc,TBD,,https://www.transfermarkt.com/club/startseite/verein/37185
61139,OC Rasnov,TBD,,https://www.transfermarkt.com/club/startseite/verein/61139
37339,OF Ierapetras,TBD,,https://www.transfermarkt.com/club/startseite/verein/37339
10883,OFK Titograd,TBD,,https://www.transfermarkt.com/club/startseite/verein/10883
37513,OTP,TBD,,https://www.transfermarkt.com/club/startseite/verein/37513
74937,Oasul Negresti,TBD,,https://www.transfermarkt.com/club/startseite/verein/74937
86150,Ocna Mures,TBD,,https://www.transfermarkt.com/club/startseite/verein/86150
96019,Oeirense,TBD,,https://www.transfermarkt.com/club/startseite/verein/96019
26587,Ohod Club,Saudi First Division League,,https://www.transfermarkt.com/club/startseite/verein/26587
95321,Olimp. Zarnesti,TBD,,https://www.transfermarkt.com/club/startseite/verein/95321
23611,Olimpik Donetsk,Premier Liga,,https://www.transfermarkt.com/club/startseite/verein/23611
37396,Oman Club,TBD,Oman,https://www.transfermarkt.com/club/startseite/verein/37396
3388,Onisilos Sotira,TBD,,https://www.transfermarkt.com/club/startseite/verein/3388
50615,Oriental Dragon,TBD,,https://www.transfermarkt.com/club/startseite/verein/50615
30606,Othellos Athien,TBD,,https://www.transfermarkt.com/club/startseite/verein/30606
12604,Own Youth,Youth/Reserve,,https://www.transfermarkt.com/club/startseite/verein/12604
96217,Ozana Tg. Nt.,TBD,,https://www.transfermarkt.com/club/startseite/verein/96217
85815,P. Ezeris,TBD,,https://www.transfermarkt.com/club/startseite/verein/85815
111911,P. Fundulea,TBD,,https://www.transfermarkt.com/club/startseite/verein/111911
121767,P. Ticleni,TBD,,https://www.transfermarkt.com/club/startseite/verein/121767
21958,PAEEK Kyrenia,TBD,Cyprus,https://www.transfermarkt.com/club/startseite/verein/21958
3999,PAS Lamia,Super League 1,,https://www.transfermarkt.com/club/startseite/verein/3999
55361,PDHAE,TBD,,https://www.transfermarkt.com/club/startseite/verein/55361
18105,PFC Lviv,Premier Liga,,https://www.transfermarkt.com/club/startseite/verein/18105
55927,PO Xylotymbou,TBD,,https://www.transfermarkt.com/club/startseite/verein/55927
38560,PSS Sleman,TBD,Indonesia,https://www.transfermarkt.com/club/startseite/verein/38560
3037,Padova,TBD,Italy,https://www.transfermarkt.com/club/startseite/verein/3037
28646,Paksi FC II,Youth/Reserve,,https://www.transfermarkt.com/club/startseite/verein/28646
1837,Panachaiki,TBD,,https://www.transfermarkt.com/club/startseite/verein/1837
265,Panathinaikos,TBD,,https://www.transfermarkt.com/club/startseite/verein/265
21673,Pandurii U19,Youth/Reserve,,https://www.transfermarkt.com/club/startseite/verein/21673
3385,Panserraikos,TBD,Greece,https://www.transfermarkt.com/club/startseite/verein/3385
5222,Paredes,TBD,Portugal,https://www.transfermarkt.com/club/startseite/verein/5222
8512,Paris SG B,N3 - Paris IdF,,https://www.transfermarkt.com/club/startseite/verein/8512
130,Parma,TBD,Italy,https://www.transfermarkt.com/club/startseite/verein/130
136289,Partium,TBD,,https://www.transfermarkt.com/club/startseite/verein/136289
111840,Paulisana,TBD,,https://www.transfermarkt.com/club/startseite/verein/111840
86160,Pecica,TBD,,https://www.transfermarkt.com/club/startseite/verein/86160
95989,Peciu Nou,TBD,,https://www.transfermarkt.com/club/startseite/verein/95989
2921,Pescara,TBD,Italy,https://www.transfermarkt.com/club/startseite/verein/2921
7084,Petro Luanda,TBD,,https://www.transfermarkt.com/club/startseite/verein/7084
98484,Petrolul Berca,TBD,,https://www.transfermarkt.com/club/startseite/verein/98484
74466,Petrosport U19,Youth/Reserve,,https://www.transfermarkt.com/club/startseite/verein/74466
102137,Phoenix Buzias,TBD,,https://www.transfermarkt.com/club/startseite/verein/102137
32696,Ploiesti U17,Youth/Reserve,,https://www.transfermarkt.com/club/startseite/verein/32696
41085,Ploiesti U19,Youth/Reserve,,https://www.transfermarkt.com/club/startseite/verein/41085
79349,Pobeda Star B.,TBD,,https://www.transfermarkt.com/club/startseite/verein/79349
4515,Poggibonsi,TBD,Italy,https://www.transfermarkt.com/club/startseite/verein/4515
38269,Pohronie,TBD,Slovakia,https://www.transfermarkt.com/club/startseite/verein/38269
58198,Poli Iași U18,Youth/Reserve,,https://www.transfermarkt.com/club/startseite/verein/58198
19931,Ponferradina B,TBD,,https://www.transfermarkt.com/club/startseite/verein/19931
56359,Pop. Leordeni,TBD,,https://www.transfermarkt.com/club/startseite/verein/56359
21331,Pordenone,TBD,,https://www.transfermarkt.com/club/startseite/verein/21331
17038,Portuguesa U20,Youth/Reserve,,https://www.transfermarkt.com/club/startseite/verein/17038
86093,Potcoava,TBD,,https://www.transfermarkt.com/club/startseite/verein/86093
7197,Potenza,TBD,,https://www.transfermarkt.com/club/startseite/verein/7197
9603,Praiense,CP - Série C,,https://www.transfermarkt.com/club/startseite/verein/9603
89984,Precizia Sacele,TBD,,https://www.transfermarkt.com/club/startseite/verein/89984
94984,Pro Novara,TBD,,https://www.transfermarkt.com/club/startseite/verein/94984
76800,Progres Selice,TBD,,https://www.transfermarkt.com/club/startseite/verein/76800
78036,Progresul 2005,TBD,,https://www.transfermarkt.com/club/startseite/verein/78036
52736,Puskás AFC II,Youth/Reserve,,https://www.transfermarkt.com/club/startseite/verein/52736
29766,Putnok,TBD,,https://www.transfermarkt.com/club/startseite/verein/29766
3233,Pécsi MFC,TBD,,https://www.transfermarkt.com/club/startseite/verein/3233
53326,QD Red Lions,TBD,China,https://www.transfermarkt.com/club/startseite/verein/53326
10625,Qarabağ,TBD,,https://www.transfermarkt.com/club/startseite/verein/10625
121462,R. Casalecchio,TBD,,https://www.transfermarkt.com/club/startseite/verein/121462
22278,R. Léopold FC,TBD,,https://www.transfermarkt.com/club/startseite/verein/22278
13702,R. Majadahonda,TBD,Spain,https://www.transfermarkt.com/club/startseite/verein/13702
57981,RANS FC,TBD,Indonesia,https://www.transfermarkt.com/club/startseite/verein/57981
8152,RC Lens B,TBD,,https://www.transfermarkt.com/club/startseite/verein/8152
58,RSC Anderlecht,TBD,,https://www.transfermarkt.com/club/startseite/verein/58
26879,Rabenstein,TBD,,https://www.transfermarkt.com/club/startseite/verein/26879
630,Racing,TBD,Spain,https://www.transfermarkt.com/club/startseite/verein/630
902,Rad,Super liga,,https://www.transfermarkt.com/club/startseite/verein/902
54214,Radnicki Dalj,TBD,,https://www.transfermarkt.com/club/startseite/verein/54214
12573,Rangers B,TBD,,https://www.transfermarkt.com/club/startseite/verein/12573
115337,Rapid Buzescu,TBD,,https://www.transfermarkt.com/club/startseite/verein/115337
59679,Rapide Oued Zem,Botola Pro Inwi,,https://www.transfermarkt.com/club/startseite/verein/59679
33562,Rayners Lane,TBD,,https://www.transfermarkt.com/club/startseite/verein/33562
367,Rayo Vallecano,TBD,Spain,https://www.transfermarkt.com/club/startseite/verein/367
1032,Reading,TBD,England,https://www.transfermarkt.com/club/startseite/verein/1032
98847,Real Bradu,TBD,,https://www.transfermarkt.com/club/startseite/verein/98847
171,Real Murcia,TBD,Spain,https://www.transfermarkt.com/club/startseite/verein/171
11085,Real SC,TBD,,https://www.transfermarkt.com/club/startseite/verein/11085
102503,Recolta Dorolţ,TBD,,https://www.transfermarkt.com/club/startseite/verein/102503
2867,Recr. Huelva,TBD,Spain,https://www.transfermarkt.com/club/startseite/verein/2867
16220,Resende,Campeonato Carioca,,https://www.transfermarkt.com/club/startseite/verein/16220
95284,Retezatul Hateg,TBD,,https://www.transfermarkt.com/club/startseite/verein/95284
96917,Retrô U20,Youth/Reserve,,https://www.transfermarkt.com/club/startseite/verein/96917
83848,Reus FCR,TBD,,https://www.transfermarkt.com/club/startseite/verein/83848
8221,Reutlingen U19,Youth/Reserve,,https://www.transfermarkt.com/club/startseite/verein/8221
9352,Rieti,TBD,,https://www.transfermarkt.com/club/startseite/verein/9352
4111,Rimini,TBD,,https://www.transfermarkt.com/club/startseite/verein/4111
57611,Rivasamba,TBD,,https://www.transfermarkt.com/club/startseite/verein/57611
111686,Rm. Valcea,TBD,,https://www.transfermarkt.com/club/startseite/verein/111686
76954,Roda B,TBD,,https://www.transfermarkt.com/club/startseite/verein/76954
79445,Roissy,TBD,,https://www.transfermarkt.com/club/startseite/verein/79445
62228,Rotonda,Serie D - H,,https://www.transfermarkt.com/club/startseite/verein/62228
63130,Rukh,Pershaya Liga,,https://www.transfermarkt.com/club/startseite/verein/63130
27841,Râmnicu Sarat,TBD,,https://www.transfermarkt.com/club/startseite/verein/27841
98846,S. Darabani,TBD,,https://www.transfermarkt.com/club/startseite/verein/98846
80442,SB Academy,Youth/Reserve,,https://www.transfermarkt.com/club/startseite/verein/80442
83384,SC Delta,TBD,,https://www.transfermarkt.com/club/startseite/verein/83384
60551,SC Dnipro-1,Premier Liga,,https://www.transfermarkt.com/club/startseite/verein/60551
30626,SC Hazebrouck,TBD,,https://www.transfermarkt.com/club/startseite/verein/30626
84455,SCM Zalau,TBD,,https://www.transfermarkt.com/club/startseite/verein/84455
16575,SD Amorebieta,TBD,Spain,https://www.transfermarkt.com/club/startseite/verein/16575
44826,SD Colloto,TBD,,https://www.transfermarkt.com/club/startseite/verein/44826
1533,SD Eibar,TBD,Spain,https://www.transfermarkt.com/club/startseite/verein/1533
70841,SD Huesca B,Segunda Federación - Gr. III,,https://www.transfermarkt.com/club/startseite/verein/70841
25054,SF Bulls,TBD,,https://www.transfermarkt.com/club/startseite/verein/25054
84731,SJ Vaslui,TBD,,https://www.transfermarkt.com/club/startseite/verein/84731
31297,SKF Sered,TBD,,https://www.transfermarkt.com/club/startseite/verein/31297
22683,SO Armée,TBD,,https://www.transfermarkt.com/club/startseite/verein/22683
2722,SPAL,TBD,,https://www.transfermarkt.com/club/startseite/verein/2722
83218,SR Brasov,TBD,,https://www.transfermarkt.com/club/startseite/verein/83218
40892,SSU Politehnica Timisoara U19,Youth/Reserve,,https://www.transfermarkt.com/club/startseite/verein/40892
71954,SSh-75 Moskau,TBD,,https://www.transfermarkt.com/club/startseite/verein/71954
38861,SV 08 Laufenb.,TBD,Germany,https://www.transfermarkt.com/club/startseite/verein/38861
3553,SV 7023 Z-S-P,TBD,,https://www.transfermarkt.com/club/startseite/verein/3553
2394,SV Kapfenberg,TBD,,https://www.transfermarkt.com/club/startseite/verein/2394
4491,SV Rottenmann,LL Steiermark,,https://www.transfermarkt.com/club/startseite/verein/4491
254,SV Sandhausen,TBD,Germany,https://www.transfermarkt.com/club/startseite/verein/254
7726,SV Weidenbach,TBD,,https://www.transfermarkt.com/club/startseite/verein/7726
56195,SX Chang'an At.,TBD,,https://www.transfermarkt.com/club/startseite/verein/56195
25374,Sacachispas,TBD,,https://www.transfermarkt.com/club/startseite/verein/25374
380,Salernitana,TBD,Italy,https://www.transfermarkt.com/club/startseite/verein/380
46649,Salitas,TBD,Burkina Faso,https://www.transfermarkt.com/club/startseite/verein/46649
83057,San Marcelino,TBD,,https://www.transfermarkt.com/club/startseite/verein/83057
34972,Sanatatea,TBD,,https://www.transfermarkt.com/club/startseite/verein/34972
8843,Sandvikens IF,TBD,,https://www.transfermarkt.com/club/startseite/verein/8843
6630,Sanliurfaspor,TBD,,https://www.transfermarkt.com/club/startseite/verein/6630
27689,Sant Rafel,TBD,,https://www.transfermarkt.com/club/startseite/verein/27689
1785,Santa Cruz-PE,TBD,,https://www.transfermarkt.com/club/startseite/verein/1785
3154,Santos FC,TBD,,https://www.transfermarkt.com/club/startseite/verein/3154
75061,Saraswati YC,TBD,,https://www.transfermarkt.com/club/startseite/verein/75061
8241,Schiltigheim,National 2 - Grp. B,,https://www.transfermarkt.com/club/startseite/verein/8241
102434,Scornicesti,TBD,,https://www.transfermarkt.com/club/startseite/verein/102434
17564,Scunthorpe U18,Youth/Reserve,,https://www.transfermarkt.com/club/startseite/verein/17564
100989,Selimbar U19,Youth/Reserve,,https://www.transfermarkt.com/club/startseite/verein/100989
3610,Seongnam FC,TBD,"Korea, South",https://www.transfermarkt.com/club/startseite/verein/3610
86092,Sepsi OSK II,Youth/Reserve,,https://www.transfermarkt.com/club/startseite/verein/86092
82152,Sepsi OSK U19,Youth/Reserve,,https://www.transfermarkt.com/club/startseite/verein/82152
4167,Seregno,Serie D - B,,https://www.transfermarkt.com/club/startseite/verein/4167
19561,Sertanense,CP - Série C,,https://www.transfermarkt.com/club/startseite/verein/19561
3296,Sertãozinho,TBD,,https://www.transfermarkt.com/club/startseite/verein/3296
26883,Sestri Levante,TBD,Italy,https://www.transfermarkt.com/club/startseite/verein/26883
31276,Sfintul Gheor.,TBD,,https://www.transfermarkt.com/club/startseite/verein/31276
14488,Sheff Wed U18,Youth/Reserve,,https://www.transfermarkt.com/club/startseite/verein/14488
10688,Sibir,TBD,,https://www.transfermarkt.com/club/startseite/verein/10688
94825,Silvic. Maieru,TBD,,https://www.transfermarkt.com/club/startseite/verein/94825
73004,Simm-Bau,TBD,,https://www.transfermarkt.com/club/startseite/verein/73004
95791,Singureni,TBD,,https://www.transfermarkt.com/club/startseite/verein/95791
5544,Slovacko,TBD,,https://www.transfermarkt.com/club/startseite/verein/5544
56364,Soimii Lipova,TBD,,https://www.transfermarkt.com/club/startseite/verein/56364
10695,Soligorsk,Vysheyshaya Liga,,https://www.transfermarkt.com/club/startseite/verein/10695
85693,Somcuta Mare,TBD,,https://www.transfermarkt.com/club/startseite/verein/85693
85250,Somuz Falticeni,TBD,,https://www.transfermarkt.com/club/startseite/verein/85250
85430,Soneja,TBD,,https://www.transfermarkt.com/club/startseite/verein/85430
74319,Sp. Chiscani,TBD,,https://www.transfermarkt.com/club/startseite/verein/74319
98505,Sp. Pitesti,TBD,,https://www.transfermarkt.com/club/startseite/verein/98505
45361,Sp. Rosiori,TBD,,https://www.transfermarkt.com/club/startseite/verein/45361
124183,Sparta RmVâlcea,TBD,,https://www.transfermarkt.com/club/startseite/verein/124183
28936,Spartaks,Virsliga,,https://www.transfermarkt.com/club/startseite/verein/28936
113024,Speed Academy,Youth/Reserve,,https://www.transfermarkt.com/club/startseite/verein/113024
43778,Sport Team,TBD,,https://www.transfermarkt.com/club/startseite/verein/43778
74467,Sport Team U18,Youth/Reserve,,https://www.transfermarkt.com/club/startseite/verein/74467
41292,Sporting Liesti,TBD,,https://www.transfermarkt.com/club/startseite/verein/41292
133984,Sportul Botiz,TBD,,https://www.transfermarkt.com/club/startseite/verein/133984
86061,Sportul Simleu,TBD,,https://www.transfermarkt.com/club/startseite/verein/86061
51116,Srbija Wien,TBD,,https://www.transfermarkt.com/club/startseite/verein/51116
33240,St. Georgen,TBD,,https://www.transfermarkt.com/club/startseite/verein/33240
88216,St. Poli U19,Youth/Reserve,,https://www.transfermarkt.com/club/startseite/verein/88216
38820,Stade Portelois,TBD,,https://www.transfermarkt.com/club/startseite/verein/38820
137647,Star Mioveni,TBD,,https://www.transfermarkt.com/club/startseite/verein/137647
116599,Star Sport Ag.,TBD,,https://www.transfermarkt.com/club/startseite/verein/116599
124845,Steaua Youth,Youth/Reserve,,https://www.transfermarkt.com/club/startseite/verein/124845
44388,Stetson Hatters,TBD,,https://www.transfermarkt.com/club/startseite/verein/44388
37636,Sticla A. Turda,TBD,,https://www.transfermarkt.com/club/startseite/verein/37636
61830,Strani,TBD,,https://www.transfermarkt.com/club/startseite/verein/61830
64534,Struga,TBD,,https://www.transfermarkt.com/club/startseite/verein/64534
43572,Stupcanica,TBD,,https://www.transfermarkt.com/club/startseite/verein/43572
17064,Sunshine Stars,TBD,,https://www.transfermarkt.com/club/startseite/verein/17064
82640,Sveikata,TBD,,https://www.transfermarkt.com/club/startseite/verein/82640
89913,Swadhinata KS,TBD,,https://www.transfermarkt.com/club/startseite/verein/89913
33616,Swansea U23,Youth/Reserve,,https://www.transfermarkt.com/club/startseite/verein/33616
37205,Sântandrei,TBD,,https://www.transfermarkt.com/club/startseite/verein/37205
8433,São Bento (SP),TBD,,https://www.transfermarkt.com/club/startseite/verein/8433
33791,São Pedro Cova,TBD,,https://www.transfermarkt.com/club/startseite/verein/33791
111298,T. Sag,TBD,,https://www.transfermarkt.com/club/startseite/verein/111298
12652,TEC,TBD,Netherlands,https://www.transfermarkt.com/club/startseite/verein/12652
6880,Tacuary FBC,TBD,Paraguay,https://www.transfermarkt.com/club/startseite/verein/6880
30553,Taksony SE,TBD,,https://www.transfermarkt.com/club/startseite/verein/30553
14519,Talleres RE,TBD,Argentina,https://www.transfermarkt.com/club/startseite/verein/14519
95285,Talna Oraşu Nou,TBD,,https://www.transfermarkt.com/club/startseite/verein/95285
41201,Tambov,Premier Liga,,https://www.transfermarkt.com/club/startseite/verein/41201
85694,Targu Lapus,TBD,,https://www.transfermarkt.com/club/startseite/verein/85694
112076,Tarlungeni,TBD,,https://www.transfermarkt.com/club/startseite/verein/112076
49630,Tarpa,TBD,,https://www.transfermarkt.com/club/startseite/verein/49630
3395,Tatabánya,NB II.,,https://www.transfermarkt.com/club/startseite/verein/3395
60664,Taubaté U20,Youth/Reserve,,https://www.transfermarkt.com/club/startseite/verein/60664
118012,Tel. Văleni,TBD,,https://www.transfermarkt.com/club/startseite/verein/118012
1415,Teramo,TBD,Italy,https://www.transfermarkt.com/club/startseite/verein/1415
1103,Ternana,TBD,Italy,https://www.transfermarkt.com/club/startseite/verein/1103
29808,Tilykratis,TBD,,https://www.transfermarkt.com/club/startseite/verein/29808
2459,Tirsense,TBD,,https://www.transfermarkt.com/club/startseite/verein/2459
40173,Tiszakécske,TBD,Hungary,https://www.transfermarkt.com/club/startseite/verein/40173
16424,Toledo,TBD,,https://www.transfermarkt.com/club/startseite/verein/16424
43539,Tric. Breaza,TBD,,https://www.transfermarkt.com/club/startseite/verein/43539
4271,Triestina,TBD,Italy,https://www.transfermarkt.com/club/startseite/verein/4271
19367,Tritium,Serie D - B,,https://www.transfermarkt.com/club/startseite/verein/19367
55555,Tsarsko Selo,efbet Liga,,https://www.transfermarkt.com/club/startseite/verein/55555
8294,Tupi,TBD,,https://www.transfermarkt.com/club/startseite/verein/8294
4096,Turris,TBD,,https://www.transfermarkt.com/club/startseite/verein/4096
53978,Turul Micula,TBD,,https://www.transfermarkt.com/club/startseite/verein/53978
95809,U. Branistea,TBD,,https://www.transfermarkt.com/club/startseite/verein/95809
59027,UCAM Murcia U19,Youth/Reserve,,https://www.transfermarkt.com/club/startseite/verein/59027
11986,UD Almería B,TBD,Spain,https://www.transfermarkt.com/club/startseite/verein/11986
16196,UE Cornellà,TBD,,https://www.transfermarkt.com/club/startseite/verein/16196
64501,URSL Visé,1ste Nationale,,https://www.transfermarkt.com/club/startseite/verein/64501
7882,US Raon-l'Étape,TBD,,https://www.transfermarkt.com/club/startseite/verein/7882
124184,USV Iași,TBD,,https://www.transfermarkt.com/club/startseite/verein/124184
70152,UTA Arad II,Youth/Reserve,,https://www.transfermarkt.com/club/startseite/verein/70152
112548,UVT Timișoara,TBD,,https://www.transfermarkt.com/club/startseite/verein/112548
43673,Unia Turza,Betclic 3 Liga - Group III,,https://www.transfermarkt.com/club/startseite/verein/43673
5070,Union Douala,TBD,,https://www.transfermarkt.com/club/startseite/verein/5070
15690,Union SG U19,Youth/Reserve,,https://www.transfermarkt.com/club/startseite/verein/15690
53561,Unipomezia,TBD,Italy,https://www.transfermarkt.com/club/startseite/verein/53561
101586,Unirea Alba I.,TBD,,https://www.transfermarkt.com/club/startseite/verein/101586
73685,Unirea Bascov,TBD,,https://www.transfermarkt.com/club/startseite/verein/73685
131287,Unirea DMO,TBD,,https://www.transfermarkt.com/club/startseite/verein/131287
37643,Unirea Floresti,TBD,,https://www.transfermarkt.com/club/startseite/verein/37643
60795,Unirea Tasnad,TBD,,https://www.transfermarkt.com/club/startseite/verein/60795
94732,United FC,TBD,,https://www.transfermarkt.com/club/startseite/verein/94732
74150,União Almeirim,TBD,,https://www.transfermarkt.com/club/startseite/verein/74150
31392,União SC,TBD,,https://www.transfermarkt.com/club/startseite/verein/31392
7097,Unión Santa Fe,TBD,Argentina,https://www.transfermarkt.com/club/startseite/verein/7097
75,Unknown,TBD,,https://www.transfermarkt.com/club/startseite/verein/75
15789,Ursus Warszawa,3 Liga - Grupa I,,https://www.transfermarkt.com/club/startseite/verein/15789
116583,Utah Avalanche,TBD,,https://www.transfermarkt.com/club/startseite/verein/116583
111296,V. Arad,TBD,,https://www.transfermarkt.com/club/startseite/verein/111296
76727,V. Colonesti,TBD,,https://www.transfermarkt.com/club/startseite/verein/76727
102584,V. Darabani,TBD,,https://www.transfermarkt.com/club/startseite/verein/102584
36601,V. Domnesti,TBD,,https://www.transfermarkt.com/club/startseite/verein/36601
113378,V. Gugești,TBD,,https://www.transfermarkt.com/club/startseite/verein/113378
34974,V. Livezile,TBD,,https://www.transfermarkt.com/club/startseite/verein/34974
60789,V. Saelele 2017,TBD,,https://www.transfermarkt.com/club/startseite/verein/60789
66592,VLM Pliesovce,TBD,,https://www.transfermarkt.com/club/startseite/verein/66592
43188,VMG Cluj,TBD,,https://www.transfermarkt.com/club/startseite/verein/43188
10113,VVV-Venlo U21,Youth/Reserve,,https://www.transfermarkt.com/club/startseite/verein/10113
56770,Valadares Gaia,TBD,,https://www.transfermarkt.com/club/startseite/verein/56770
86155,Valea Marului,TBD,,https://www.transfermarkt.com/club/startseite/verein/86155
6335,Valletta,TBD,Malta,https://www.transfermarkt.com/club/startseite/verein/6335
15594,Varzim U19,Youth/Reserve,,https://www.transfermarkt.com/club/startseite/verein/15594
43391,Vasto Marina,TBD,,https://www.transfermarkt.com/club/startseite/verein/43391
628,Velez Mostar,TBD,,https://www.transfermarkt.com/club/startseite/verein/628
30452,Venus B.,TBD,,https://www.transfermarkt.com/club/startseite/verein/30452
16996,Verona U20,Youth/Reserve,,https://www.transfermarkt.com/club/startseite/verein/16996
8077,Vibonese,TBD,Italy,https://www.transfermarkt.com/club/startseite/verein/8077
86830,Vict. Viișoara,TBD,,https://www.transfermarkt.com/club/startseite/verein/86830
94873,Victoria Carei,TBD,,https://www.transfermarkt.com/club/startseite/verein/94873
37230,Victoria Traian,TBD,,https://www.transfermarkt.com/club/startseite/verein/37230
102587,Viit. T. Jiu II,Youth/Reserve,,https://www.transfermarkt.com/club/startseite/verein/102587
86655,Viitorul Cluj,TBD,,https://www.transfermarkt.com/club/startseite/verein/86655
117908,Viitorul Curița,TBD,,https://www.transfermarkt.com/club/startseite/verein/117908
86148,Viitorul Ianca,TBD,,https://www.transfermarkt.com/club/startseite/verein/86148
91521,Viitorul Simian,TBD,,https://www.transfermarkt.com/club/startseite/verein/91521
59171,Viitorul Ulmeni,TBD,,https://www.transfermarkt.com/club/startseite/verein/59171
97447,Viitorul Vetis,TBD,,https://www.transfermarkt.com/club/startseite/verein/97447
7119,Vilafranquense,Liga Portugal 2,,https://www.transfermarkt.com/club/startseite/verein/7119
8424,Vilaverdense,TBD,Portugal,https://www.transfermarkt.com/club/startseite/verein/8424
22294,Viterbese,TBD,,https://www.transfermarkt.com/club/startseite/verein/22294
1085,Vitória Setúbal,Liga NOS,,https://www.transfermarkt.com/club/startseite/verein/1085
56528,Vointa Crevedia,TBD,,https://www.transfermarkt.com/club/startseite/verein/56528
37233,Vointa Lanuri,TBD,,https://www.transfermarkt.com/club/startseite/verein/37233
95322,Vointa Limpezis,TBD,,https://www.transfermarkt.com/club/startseite/verein/95322
37197,Vointa Lupac,TBD,,https://www.transfermarkt.com/club/startseite/verein/37197
771,Vöcklamarkt,TBD,,https://www.transfermarkt.com/club/startseite/verein/771
70657,WH Three Towns,TBD,,https://www.transfermarkt.com/club/startseite/verein/70657
18234,Wadi Degla,TBD,Egypt,https://www.transfermarkt.com/club/startseite/verein/18234
37993,Watford U21,Youth/Reserve,,https://www.transfermarkt.com/club/startseite/verein/37993
71084,Western United,TBD,,https://www.transfermarkt.com/club/startseite/verein/71084
30974,Wieczysta,TBD,Poland,https://www.transfermarkt.com/club/startseite/verein/30974
4862,Wilstermann,División Profesional Apertura,,https://www.transfermarkt.com/club/startseite/verein/4862
515,Without Club,TBD,,https://www.transfermarkt.com/club/startseite/verein/515
543,Wolves,TBD,,https://www.transfermarkt.com/club/startseite/verein/543
19789,Y. Malatyaspor,TBD,Türkiye,https://www.transfermarkt.com/club/startseite/verein/19789
138210,Y.B. Topoloveni,TBD,,https://www.transfermarkt.com/club/startseite/verein/138210
93753,YN Yukun,TBD,China,https://www.transfermarkt.com/club/startseite/verein/93753
39637,Zakho SC,TBD,Iraq,https://www.transfermarkt.com/club/startseite/verein/39637
24028,Zalaegerszeg II,Youth/Reserve,,https://www.transfermarkt.com/club/startseite/verein/24028
21508,Zaria Balti,TBD,,https://www.transfermarkt.com/club/startseite/verein/21508
1004,Zeta Golubovac,Meridianbet 1. CFL,,https://www.transfermarkt.com/club/startseite/verein/1004
111837,Ziduri,TBD,,https://www.transfermarkt.com/club/startseite/verein/111837
90283,Zimbru U17,Youth/Reserve,,https://www.transfermarkt.com/club/startseite/verein/90283
62517,Zimbrul Conachi,TBD,,https://www.transfermarkt.com/club/startseite/verein/62517
86039,Zorile Moisei,TBD,,https://www.transfermarkt.com/club/startseite/verein/86039
79975,Zürich City SC,TBD,Switzerland,https://www.transfermarkt.com/club/startseite/verein/79975
49957,Águilas FC,TBD,Spain,https://www.transfermarkt.com/club/startseite/verein/49957
34560,Örebro Syr.,TBD,,https://www.transfermarkt.com/club/startseite/verein/34560
110013,Şoimul Băiţa,TBD,,https://www.transfermarkt.com/club/startseite/verein/110013
118014,Știința Buc.,TBD,,https://www.transfermarkt.com/club/startseite/verein/118014
